,Well,ResP,QMax Oldest BHP,QMax Lowest BHP,QMax Mediam,Most_recent_fluid,Most_recent_bhp,Lowest BHP_fluid,Lowest BHP bhp
0,MPB-28,1868.0,4970.430723610239,2919.3989350361176,7266.067920737504,2176.6,1349.6097014925376,1722.9,1123.7666666666667
1,MPB-30,1656.0,711.1592542766105,827.4705078282428,1616.6989474404022,479.4,870.0198473282446,593.7,798.623287671233
2,MPB-32,853.0,554.50665953294,617.4249856343404,630.1743232122316,294.0,555.6863636363638,423.3,438.65374149659834
3,MPB-37,745.0,870.9888927318647,978.4902008903581,857.3844562293812,446.9,495.4987012987013,517.0,486.42980132450344
4,MPB-39,733.0,457.11158474810105,177.68906830794486,314.63324188015645,237.6,483.6249999999999,124.8,364.7738562091501
