,Well,ResP,QMax Oldest BHP,QMax Lowest BHP,QMax Mediam,Most_recent_fluid,Most_recent_bhp,Lowest BHP_fluid,Lowest BHP bhp
0,MPB-28,1868.0,3400.159952949189,2919.3989350361176,2061.6525601357184,1757.8,1236.6592000000005,1722.9,1123.7666666666667
1,MPB-30,1656.0,766.1306910224499,827.4705078282428,1616.6989474404022,401.2,1087.4761904761904,593.7,798.623287671233
2,MPB-32,951.0,520.8708612585132,495.78105477816246,554.8500556856402,442.3,310.84809160305343,426.0,297.35693430656926
3,MPB-37,764.0,1472.5664889819318,1815.0324801965994,998.3803013339513,798.3,490.33486842105214,995.3,486.42980132450344
4,MPB-39,733.0,537.3671049425786,177.68906830794486,345.13881861670444,370.3,374.42077922077925,124.8,364.7738562091501
