,Well,ResP,QMax,Avg_fluid,Avg_bhp
0,MPB-28,4000.0,1752.9680698523955,1471.5064516129034,1360.4455883107732
1,MPB-30,1511.111111111111,1484.7307023003498,634.3454545454545,1103.590274992799
2,MPB-32,2222.222222222222,451.6410219158518,416.84499999999997,465.6856608229547
3,MPB-35,4000.0,1459.1438407014248,196.66666666666666,3689.7917989766556
4,MPB-37,2222.222222222222,608.1281769555934,557.44,491.4255146794535
5,MPB-39,800.0,324.3587305607467,227.45,399.0152093250665
