,Well,Mean Slope,Mean Intercept
0,MPB-28,-0.05684274788309193,1514.187205873424
1,MPB-30,-0.1514301465843824,1375.9392004854617
2,MPB-32,-0.21930268407098008,1041.6094847840302
3,MPB-35,-0.4922780409014437,4613.947532889154
4,MPB-37,-0.009350730781130244,512.9138859682979
5,MPB-39,-0.060219404603476495,529.6814227675685
