,Well,Mean Slope,Mean Intercept
0,MPB-28,-0.05694305860343612,1518.8128404080958
1,MPB-30,-0.14079653872743667,1305.0055412797558
2,MPB-32,-0.19846644176009437,1003.2441575790773
3,MPB-35,-0.5001741832054027,4786.26565586332
4,MPB-37,-0.0084142743216565,510.6619782297005
5,MPB-39,-0.059953969061442486,529.074575726414
