,Well,Mean Slope,Mean Intercept
0,MPB-28,1000000.0,0.0
1,MPB-30,1.1009674008255774,-983.1197931338146
