,Well,ResP,QMax,Avg_fluid,Avg_bhp
0,MPB-28,4000.0,1537.8507790426554,1339.6698412698413,1181.4801196088122
1,MPB-30,1866.6666666666665,1304.5056835714,732.5260869565218,1168.1663926659164
