,Well,ResP,QMax Oldest BHP,QMax Lowest BHP,QMax Mediam,Most_recent_fluid,Most_recent_bhp,Lowest BHP_fluid,Lowest BHP bhp
0,MPB-28,1946,4507.5650980063865,1565.0295847497885,2611.3817387805657,2176.6,1340.1156410256422,1171.6,874.404639175258
1,MPB-30,1704,693.5514112889153,924.6813793043037,1580.672405356963,479.4,866.8492610837437,665.7,817.4909941520473
